Garment,Accuracy
Top,0.9993333333333333
Bottom,1.0
Footwear,0.9998666666666667
Accessory,0.9999666666666667
